workflow_id,index_in_sample,T,start_time,task_volume_multiplier,data_volume_multiplier
0,3,1935.0,0,1.0,1.0
1,1,5994.0,0,20.0,1.0
2,3,1935.0,0,1.0,1.0
3,2,4452.0,0,2.0,1.0
4,3,1935.0,0,1.0,1.0
5,0,1462.0,0,44.0,1.0
6,4,507.0,0,0.25,1.0
7,3,1935.0,0,1.0,1.0
8,4,507.0,0,0.25,1.0
9,1,5994.0,0,20.0,1.0
10,2,4452.0,0,2.0,1.0
11,2,4452.0,0,2.0,1.0
12,2,4452.0,0,2.0,1.0
13,2,4452.0,0,2.0,1.0
14,2,4452.0,0,2.0,1.0
15,0,1462.0,0,44.0,1.0
16,0,1462.0,0,44.0,1.0
17,4,507.0,0,0.25,1.0
18,0,1462.0,0,44.0,1.0
19,4,507.0,0,0.25,1.0
20,3,1935.0,0,1.0,1.0
21,3,1935.0,0,1.0,1.0
22,0,1462.0,0,44.0,1.0
23,1,5994.0,0,20.0,1.0
24,2,4452.0,0,2.0,1.0
25,1,5994.0,0,20.0,1.0
26,3,1935.0,0,1.0,1.0
27,2,4452.0,0,2.0,1.0
28,1,5994.0,0,20.0,1.0
29,2,4452.0,0,2.0,1.0
30,1,5994.0,0,20.0,1.0
31,1,5994.0,0,20.0,1.0
32,0,1462.0,0,44.0,1.0
33,3,1935.0,0,1.0,1.0
34,1,5994.0,0,20.0,1.0
35,1,5994.0,0,20.0,1.0
36,1,5994.0,0,20.0,1.0
37,0,1462.0,0,44.0,1.0
38,3,1935.0,0,1.0,1.0
39,4,507.0,0,0.25,1.0
40,4,507.0,0,0.25,1.0
41,4,507.0,0,0.25,1.0
42,1,5994.0,0,20.0,1.0
43,2,4452.0,0,2.0,1.0
44,1,5994.0,0,20.0,1.0
45,1,5994.0,0,20.0,1.0
46,2,4452.0,0,2.0,1.0
47,4,507.0,0,0.25,1.0
48,0,1462.0,0,44.0,1.0
49,1,5994.0,0,20.0,1.0
50,3,1935.0,900,1.0,1.0
51,1,5994.0,900,20.0,1.0
52,1,5994.0,900,20.0,1.0
53,3,1935.0,900,1.0,1.0
54,4,507.0,900,0.25,1.0
55,1,5994.0,900,20.0,1.0
56,2,4452.0,900,2.0,1.0
57,3,1935.0,900,1.0,1.0
58,4,507.0,900,0.25,1.0
59,0,1462.0,900,44.0,1.0
60,0,1462.0,900,44.0,1.0
61,1,5994.0,900,20.0,1.0
62,2,4452.0,900,2.0,1.0
63,2,4452.0,900,2.0,1.0
64,2,4452.0,900,2.0,1.0
65,4,507.0,900,0.25,1.0
66,1,5994.0,900,20.0,1.0
67,0,1462.0,900,44.0,1.0
68,4,507.0,900,0.25,1.0
69,0,1462.0,900,44.0,1.0
70,4,507.0,900,0.25,1.0
71,0,1462.0,900,44.0,1.0
72,0,1462.0,900,44.0,1.0
73,2,4452.0,900,2.0,1.0
74,4,507.0,900,0.25,1.0
75,1,5994.0,900,20.0,1.0
76,4,507.0,900,0.25,1.0
77,2,4452.0,900,2.0,1.0
78,1,5994.0,900,20.0,1.0
79,2,4452.0,900,2.0,1.0
80,2,4452.0,900,2.0,1.0
81,0,1462.0,900,44.0,1.0
82,0,1462.0,900,44.0,1.0
83,2,4452.0,900,2.0,1.0
84,3,1935.0,900,1.0,1.0
85,0,1462.0,900,44.0,1.0
86,1,5994.0,900,20.0,1.0
87,2,4452.0,900,2.0,1.0
88,2,4452.0,900,2.0,1.0
89,0,1462.0,900,44.0,1.0
90,1,5994.0,900,20.0,1.0
91,1,5994.0,900,20.0,1.0
92,3,1935.0,900,1.0,1.0
93,4,507.0,900,0.25,1.0
94,3,1935.0,900,1.0,1.0
95,4,507.0,900,0.25,1.0
96,1,5994.0,900,20.0,1.0
97,3,1935.0,900,1.0,1.0
98,4,507.0,900,0.25,1.0
99,0,1462.0,900,44.0,1.0
100,0,1462.0,1800,44.0,1.0
101,3,1935.0,1800,1.0,1.0
102,1,5994.0,1800,20.0,1.0
103,0,1462.0,1800,44.0,1.0
104,4,507.0,1800,0.25,1.0
105,1,5994.0,1800,20.0,1.0
106,3,1935.0,1800,1.0,1.0
107,1,5994.0,1800,20.0,1.0
108,1,5994.0,1800,20.0,1.0
109,3,1935.0,1800,1.0,1.0
110,2,4452.0,1800,2.0,1.0
111,1,5994.0,1800,20.0,1.0
112,0,1462.0,1800,44.0,1.0
113,3,1935.0,1800,1.0,1.0
114,0,1462.0,1800,44.0,1.0
115,4,507.0,1800,0.25,1.0
116,1,5994.0,1800,20.0,1.0
117,1,5994.0,1800,20.0,1.0
118,2,4452.0,1800,2.0,1.0
119,0,1462.0,1800,44.0,1.0
120,1,5994.0,1800,20.0,1.0
121,3,1935.0,1800,1.0,1.0
122,1,5994.0,1800,20.0,1.0
123,2,4452.0,1800,2.0,1.0
124,4,507.0,1800,0.25,1.0
125,3,1935.0,1800,1.0,1.0
126,2,4452.0,1800,2.0,1.0
127,3,1935.0,1800,1.0,1.0
128,1,5994.0,1800,20.0,1.0
129,0,1462.0,1800,44.0,1.0
130,2,4452.0,1800,2.0,1.0
131,3,1935.0,1800,1.0,1.0
132,2,4452.0,1800,2.0,1.0
133,1,5994.0,1800,20.0,1.0
134,4,507.0,1800,0.25,1.0
135,1,5994.0,1800,20.0,1.0
136,0,1462.0,1800,44.0,1.0
137,4,507.0,1800,0.25,1.0
138,1,5994.0,1800,20.0,1.0
139,2,4452.0,1800,2.0,1.0
140,4,507.0,1800,0.25,1.0
141,0,1462.0,1800,44.0,1.0
142,3,1935.0,1800,1.0,1.0
143,2,4452.0,1800,2.0,1.0
144,0,1462.0,1800,44.0,1.0
145,1,5994.0,1800,20.0,1.0
146,4,507.0,1800,0.25,1.0
147,1,5994.0,1800,20.0,1.0
148,4,507.0,1800,0.25,1.0
149,0,1462.0,1800,44.0,1.0
150,4,507.0,2700,0.25,1.0
151,2,4452.0,2700,2.0,1.0
152,2,4452.0,2700,2.0,1.0
153,0,1462.0,2700,44.0,1.0
154,2,4452.0,2700,2.0,1.0
155,3,1935.0,2700,1.0,1.0
156,2,4452.0,2700,2.0,1.0
157,1,5994.0,2700,20.0,1.0
158,2,4452.0,2700,2.0,1.0
159,2,4452.0,2700,2.0,1.0
160,2,4452.0,2700,2.0,1.0
161,4,507.0,2700,0.25,1.0
162,4,507.0,2700,0.25,1.0
163,4,507.0,2700,0.25,1.0
164,4,507.0,2700,0.25,1.0
165,2,4452.0,2700,2.0,1.0
166,2,4452.0,2700,2.0,1.0
167,4,507.0,2700,0.25,1.0
168,3,1935.0,2700,1.0,1.0
169,4,507.0,2700,0.25,1.0
170,0,1462.0,2700,44.0,1.0
171,4,507.0,2700,0.25,1.0
172,4,507.0,2700,0.25,1.0
173,3,1935.0,2700,1.0,1.0
174,1,5994.0,2700,20.0,1.0
175,1,5994.0,2700,20.0,1.0
176,4,507.0,2700,0.25,1.0
177,0,1462.0,2700,44.0,1.0
178,3,1935.0,2700,1.0,1.0
179,2,4452.0,2700,2.0,1.0
180,2,4452.0,2700,2.0,1.0
181,1,5994.0,2700,20.0,1.0
182,4,507.0,2700,0.25,1.0
183,0,1462.0,2700,44.0,1.0
184,0,1462.0,2700,44.0,1.0
185,1,5994.0,2700,20.0,1.0
186,1,5994.0,2700,20.0,1.0
187,0,1462.0,2700,44.0,1.0
188,4,507.0,2700,0.25,1.0
189,1,5994.0,2700,20.0,1.0
190,4,507.0,2700,0.25,1.0
191,3,1935.0,2700,1.0,1.0
192,1,5994.0,2700,20.0,1.0
193,4,507.0,2700,0.25,1.0
194,3,1935.0,2700,1.0,1.0
195,4,507.0,2700,0.25,1.0
196,0,1462.0,2700,44.0,1.0
197,1,5994.0,2700,20.0,1.0
198,1,5994.0,2700,20.0,1.0
199,2,4452.0,2700,2.0,1.0
200,3,1935.0,3600,1.0,1.0
201,0,1462.0,3600,44.0,1.0
202,4,507.0,3600,0.25,1.0
203,0,1462.0,3600,44.0,1.0
204,3,1935.0,3600,1.0,1.0
205,2,4452.0,3600,2.0,1.0
206,4,507.0,3600,0.25,1.0
207,3,1935.0,3600,1.0,1.0
208,0,1462.0,3600,44.0,1.0
209,2,4452.0,3600,2.0,1.0
210,2,4452.0,3600,2.0,1.0
211,1,5994.0,3600,20.0,1.0
212,3,1935.0,3600,1.0,1.0
213,4,507.0,3600,0.25,1.0
214,2,4452.0,3600,2.0,1.0
215,1,5994.0,3600,20.0,1.0
216,2,4452.0,3600,2.0,1.0
217,1,5994.0,3600,20.0,1.0
218,4,507.0,3600,0.25,1.0
219,4,507.0,3600,0.25,1.0
220,1,5994.0,3600,20.0,1.0
221,4,507.0,3600,0.25,1.0
222,3,1935.0,3600,1.0,1.0
223,2,4452.0,3600,2.0,1.0
224,2,4452.0,3600,2.0,1.0
225,3,1935.0,3600,1.0,1.0
226,4,507.0,3600,0.25,1.0
227,4,507.0,3600,0.25,1.0
228,2,4452.0,3600,2.0,1.0
229,2,4452.0,3600,2.0,1.0
230,1,5994.0,3600,20.0,1.0
231,1,5994.0,3600,20.0,1.0
232,0,1462.0,3600,44.0,1.0
233,1,5994.0,3600,20.0,1.0
234,0,1462.0,3600,44.0,1.0
235,4,507.0,3600,0.25,1.0
236,4,507.0,3600,0.25,1.0
237,2,4452.0,3600,2.0,1.0
238,4,507.0,3600,0.25,1.0
239,3,1935.0,3600,1.0,1.0
240,4,507.0,3600,0.25,1.0
241,0,1462.0,3600,44.0,1.0
242,1,5994.0,3600,20.0,1.0
243,3,1935.0,3600,1.0,1.0
244,1,5994.0,3600,20.0,1.0
245,2,4452.0,3600,2.0,1.0
246,2,4452.0,3600,2.0,1.0
247,4,507.0,3600,0.25,1.0
248,2,4452.0,3600,2.0,1.0
249,3,1935.0,3600,1.0,1.0
250,4,507.0,4500,0.25,1.0
251,0,1462.0,4500,44.0,1.0
252,4,507.0,4500,0.25,1.0
253,3,1935.0,4500,1.0,1.0
254,1,5994.0,4500,20.0,1.0
255,1,5994.0,4500,20.0,1.0
256,4,507.0,4500,0.25,1.0
257,2,4452.0,4500,2.0,1.0
258,2,4452.0,4500,2.0,1.0
259,2,4452.0,4500,2.0,1.0
260,1,5994.0,4500,20.0,1.0
261,2,4452.0,4500,2.0,1.0
262,2,4452.0,4500,2.0,1.0
263,3,1935.0,4500,1.0,1.0
264,4,507.0,4500,0.25,1.0
265,4,507.0,4500,0.25,1.0
266,2,4452.0,4500,2.0,1.0
267,3,1935.0,4500,1.0,1.0
268,2,4452.0,4500,2.0,1.0
269,1,5994.0,4500,20.0,1.0
270,1,5994.0,4500,20.0,1.0
271,1,5994.0,4500,20.0,1.0
272,1,5994.0,4500,20.0,1.0
273,4,507.0,4500,0.25,1.0
274,4,507.0,4500,0.25,1.0
275,4,507.0,4500,0.25,1.0
276,4,507.0,4500,0.25,1.0
277,4,507.0,4500,0.25,1.0
278,0,1462.0,4500,44.0,1.0
279,3,1935.0,4500,1.0,1.0
280,2,4452.0,4500,2.0,1.0
281,1,5994.0,4500,20.0,1.0
282,2,4452.0,4500,2.0,1.0
283,3,1935.0,4500,1.0,1.0
284,0,1462.0,4500,44.0,1.0
285,1,5994.0,4500,20.0,1.0
286,0,1462.0,4500,44.0,1.0
287,3,1935.0,4500,1.0,1.0
288,3,1935.0,4500,1.0,1.0
289,4,507.0,4500,0.25,1.0
290,0,1462.0,4500,44.0,1.0
291,0,1462.0,4500,44.0,1.0
292,3,1935.0,4500,1.0,1.0
293,4,507.0,4500,0.25,1.0
294,4,507.0,4500,0.25,1.0
295,4,507.0,4500,0.25,1.0
296,1,5994.0,4500,20.0,1.0
297,3,1935.0,4500,1.0,1.0
298,2,4452.0,4500,2.0,1.0
299,4,507.0,4500,0.25,1.0
300,1,5994.0,5400,20.0,1.0
301,0,1462.0,5400,44.0,1.0
302,0,1462.0,5400,44.0,1.0
303,0,1462.0,5400,44.0,1.0
304,0,1462.0,5400,44.0,1.0
305,4,507.0,5400,0.25,1.0
306,1,5994.0,5400,20.0,1.0
307,0,1462.0,5400,44.0,1.0
308,3,1935.0,5400,1.0,1.0
309,3,1935.0,5400,1.0,1.0
310,2,4452.0,5400,2.0,1.0
311,2,4452.0,5400,2.0,1.0
312,4,507.0,5400,0.25,1.0
313,0,1462.0,5400,44.0,1.0
314,4,507.0,5400,0.25,1.0
315,1,5994.0,5400,20.0,1.0
316,0,1462.0,5400,44.0,1.0
317,2,4452.0,5400,2.0,1.0
318,4,507.0,5400,0.25,1.0
319,1,5994.0,5400,20.0,1.0
320,2,4452.0,5400,2.0,1.0
321,1,5994.0,5400,20.0,1.0
322,4,507.0,5400,0.25,1.0
323,1,5994.0,5400,20.0,1.0
324,2,4452.0,5400,2.0,1.0
325,4,507.0,5400,0.25,1.0
326,4,507.0,5400,0.25,1.0
327,2,4452.0,5400,2.0,1.0
328,3,1935.0,5400,1.0,1.0
329,0,1462.0,5400,44.0,1.0
330,4,507.0,5400,0.25,1.0
331,1,5994.0,5400,20.0,1.0
332,4,507.0,5400,0.25,1.0
333,4,507.0,5400,0.25,1.0
334,4,507.0,5400,0.25,1.0
335,0,1462.0,5400,44.0,1.0
336,0,1462.0,5400,44.0,1.0
337,0,1462.0,5400,44.0,1.0
338,1,5994.0,5400,20.0,1.0
339,3,1935.0,5400,1.0,1.0
340,0,1462.0,5400,44.0,1.0
341,0,1462.0,5400,44.0,1.0
342,4,507.0,5400,0.25,1.0
343,2,4452.0,5400,2.0,1.0
344,2,4452.0,5400,2.0,1.0
345,4,507.0,5400,0.25,1.0
346,0,1462.0,5400,44.0,1.0
347,1,5994.0,5400,20.0,1.0
348,4,507.0,5400,0.25,1.0
349,0,1462.0,5400,44.0,1.0
350,2,4452.0,6300,2.0,1.0
351,2,4452.0,6300,2.0,1.0
352,2,4452.0,6300,2.0,1.0
353,0,1462.0,6300,44.0,1.0
354,1,5994.0,6300,20.0,1.0
355,1,5994.0,6300,20.0,1.0
356,2,4452.0,6300,2.0,1.0
357,4,507.0,6300,0.25,1.0
358,3,1935.0,6300,1.0,1.0
359,3,1935.0,6300,1.0,1.0
360,2,4452.0,6300,2.0,1.0
361,3,1935.0,6300,1.0,1.0
362,0,1462.0,6300,44.0,1.0
363,2,4452.0,6300,2.0,1.0
364,1,5994.0,6300,20.0,1.0
365,1,5994.0,6300,20.0,1.0
366,0,1462.0,6300,44.0,1.0
367,1,5994.0,6300,20.0,1.0
368,3,1935.0,6300,1.0,1.0
369,4,507.0,6300,0.25,1.0
370,1,5994.0,6300,20.0,1.0
371,4,507.0,6300,0.25,1.0
372,3,1935.0,6300,1.0,1.0
373,2,4452.0,6300,2.0,1.0
374,3,1935.0,6300,1.0,1.0
375,2,4452.0,6300,2.0,1.0
376,2,4452.0,6300,2.0,1.0
377,3,1935.0,6300,1.0,1.0
378,4,507.0,6300,0.25,1.0
379,4,507.0,6300,0.25,1.0
380,3,1935.0,6300,1.0,1.0
381,2,4452.0,6300,2.0,1.0
382,3,1935.0,6300,1.0,1.0
383,1,5994.0,6300,20.0,1.0
384,1,5994.0,6300,20.0,1.0
385,4,507.0,6300,0.25,1.0
386,0,1462.0,6300,44.0,1.0
387,1,5994.0,6300,20.0,1.0
388,0,1462.0,6300,44.0,1.0
389,4,507.0,6300,0.25,1.0
390,3,1935.0,6300,1.0,1.0
391,1,5994.0,6300,20.0,1.0
392,4,507.0,6300,0.25,1.0
393,2,4452.0,6300,2.0,1.0
394,2,4452.0,6300,2.0,1.0
395,1,5994.0,6300,20.0,1.0
396,1,5994.0,6300,20.0,1.0
397,3,1935.0,6300,1.0,1.0
398,1,5994.0,6300,20.0,1.0
399,1,5994.0,6300,20.0,1.0
400,0,1462.0,7200,44.0,1.0
401,4,507.0,7200,0.25,1.0
402,0,1462.0,7200,44.0,1.0
403,1,5994.0,7200,20.0,1.0
404,3,1935.0,7200,1.0,1.0
405,4,507.0,7200,0.25,1.0
406,4,507.0,7200,0.25,1.0
407,0,1462.0,7200,44.0,1.0
408,0,1462.0,7200,44.0,1.0
409,2,4452.0,7200,2.0,1.0
410,4,507.0,7200,0.25,1.0
411,2,4452.0,7200,2.0,1.0
412,4,507.0,7200,0.25,1.0
413,3,1935.0,7200,1.0,1.0
414,0,1462.0,7200,44.0,1.0
415,1,5994.0,7200,20.0,1.0
416,1,5994.0,7200,20.0,1.0
417,4,507.0,7200,0.25,1.0
418,2,4452.0,7200,2.0,1.0
419,2,4452.0,7200,2.0,1.0
420,2,4452.0,7200,2.0,1.0
421,1,5994.0,7200,20.0,1.0
422,1,5994.0,7200,20.0,1.0
423,0,1462.0,7200,44.0,1.0
424,4,507.0,7200,0.25,1.0
425,4,507.0,7200,0.25,1.0
426,0,1462.0,7200,44.0,1.0
427,0,1462.0,7200,44.0,1.0
428,2,4452.0,7200,2.0,1.0
429,1,5994.0,7200,20.0,1.0
430,4,507.0,7200,0.25,1.0
431,0,1462.0,7200,44.0,1.0
432,1,5994.0,7200,20.0,1.0
433,4,507.0,7200,0.25,1.0
434,2,4452.0,7200,2.0,1.0
435,0,1462.0,7200,44.0,1.0
436,0,1462.0,7200,44.0,1.0
437,1,5994.0,7200,20.0,1.0
438,1,5994.0,7200,20.0,1.0
439,1,5994.0,7200,20.0,1.0
440,0,1462.0,7200,44.0,1.0
441,4,507.0,7200,0.25,1.0
442,0,1462.0,7200,44.0,1.0
443,1,5994.0,7200,20.0,1.0
444,1,5994.0,7200,20.0,1.0
445,0,1462.0,7200,44.0,1.0
446,1,5994.0,7200,20.0,1.0
447,4,507.0,7200,0.25,1.0
448,2,4452.0,7200,2.0,1.0
449,3,1935.0,7200,1.0,1.0
450,4,507.0,8100,0.25,1.0
451,3,1935.0,8100,1.0,1.0
452,0,1462.0,8100,44.0,1.0
453,0,1462.0,8100,44.0,1.0
454,1,5994.0,8100,20.0,1.0
455,4,507.0,8100,0.25,1.0
456,0,1462.0,8100,44.0,1.0
457,3,1935.0,8100,1.0,1.0
458,0,1462.0,8100,44.0,1.0
459,4,507.0,8100,0.25,1.0
460,0,1462.0,8100,44.0,1.0
461,2,4452.0,8100,2.0,1.0
462,2,4452.0,8100,2.0,1.0
463,1,5994.0,8100,20.0,1.0
464,4,507.0,8100,0.25,1.0
465,4,507.0,8100,0.25,1.0
466,1,5994.0,8100,20.0,1.0
467,3,1935.0,8100,1.0,1.0
468,3,1935.0,8100,1.0,1.0
469,1,5994.0,8100,20.0,1.0
470,0,1462.0,8100,44.0,1.0
471,1,5994.0,8100,20.0,1.0
472,2,4452.0,8100,2.0,1.0
473,1,5994.0,8100,20.0,1.0
474,3,1935.0,8100,1.0,1.0
475,1,5994.0,8100,20.0,1.0
476,3,1935.0,8100,1.0,1.0
477,2,4452.0,8100,2.0,1.0
478,1,5994.0,8100,20.0,1.0
479,0,1462.0,8100,44.0,1.0
480,0,1462.0,8100,44.0,1.0
481,0,1462.0,8100,44.0,1.0
482,3,1935.0,8100,1.0,1.0
483,2,4452.0,8100,2.0,1.0
484,3,1935.0,8100,1.0,1.0
485,0,1462.0,8100,44.0,1.0
486,1,5994.0,8100,20.0,1.0
487,4,507.0,8100,0.25,1.0
488,3,1935.0,8100,1.0,1.0
489,3,1935.0,8100,1.0,1.0
490,0,1462.0,8100,44.0,1.0
491,1,5994.0,8100,20.0,1.0
492,3,1935.0,8100,1.0,1.0
493,2,4452.0,8100,2.0,1.0
494,4,507.0,8100,0.25,1.0
495,3,1935.0,8100,1.0,1.0
496,2,4452.0,8100,2.0,1.0
497,0,1462.0,8100,44.0,1.0
498,1,5994.0,8100,20.0,1.0
499,0,1462.0,8100,44.0,1.0
