workflow_id,index_in_sample,T,start_time,task_volume_multiplier,data_volume_multiplier
0,3,3167.0,0,1.0,
1,1,3721.0,0,20.0,
2,3,3167.0,0,1.0,
3,2,1230.0,0,2.0,
4,3,3167.0,0,1.0,
5,0,1920.0,0,44.0,
6,4,3130.0,0,0.25,
7,3,3167.0,0,1.0,
8,4,3130.0,0,0.25,
9,1,3721.0,0,20.0,
10,2,1230.0,0,2.0,
11,2,1230.0,0,2.0,
12,2,1230.0,0,2.0,
13,2,1230.0,0,2.0,
14,2,1230.0,0,2.0,
15,0,1920.0,0,44.0,
16,0,1920.0,0,44.0,
17,4,3130.0,0,0.25,
18,0,1920.0,0,44.0,
19,4,3130.0,0,0.25,
20,3,3167.0,0,1.0,
21,3,3167.0,0,1.0,
22,0,1920.0,0,44.0,
23,1,3721.0,0,20.0,
24,2,1230.0,0,2.0,
25,1,3721.0,0,20.0,
26,3,3167.0,0,1.0,
27,2,1230.0,0,2.0,
28,1,3721.0,0,20.0,
29,2,1230.0,0,2.0,
30,1,3721.0,0,20.0,
31,1,3721.0,0,20.0,
32,0,1920.0,0,44.0,
33,3,3167.0,0,1.0,
34,1,3721.0,0,20.0,
35,1,3721.0,0,20.0,
36,1,3721.0,0,20.0,
37,0,1920.0,0,44.0,
38,3,3167.0,0,1.0,
39,4,3130.0,0,0.25,
40,4,3130.0,0,0.25,
41,4,3130.0,0,0.25,
42,1,3721.0,0,20.0,
43,2,1230.0,0,2.0,
44,1,3721.0,0,20.0,
45,1,3721.0,0,20.0,
46,2,1230.0,0,2.0,
47,4,3130.0,0,0.25,
48,0,1920.0,0,44.0,
49,1,3721.0,0,20.0,
50,3,3167.0,900,1.0,
51,1,3721.0,900,20.0,
52,1,3721.0,900,20.0,
53,3,3167.0,900,1.0,
54,4,3130.0,900,0.25,
55,1,3721.0,900,20.0,
56,2,1230.0,900,2.0,
57,3,3167.0,900,1.0,
58,4,3130.0,900,0.25,
59,0,1920.0,900,44.0,
60,0,1920.0,900,44.0,
61,1,3721.0,900,20.0,
62,2,1230.0,900,2.0,
63,2,1230.0,900,2.0,
64,2,1230.0,900,2.0,
65,4,3130.0,900,0.25,
66,1,3721.0,900,20.0,
67,0,1920.0,900,44.0,
68,4,3130.0,900,0.25,
69,0,1920.0,900,44.0,
70,4,3130.0,900,0.25,
71,0,1920.0,900,44.0,
72,0,1920.0,900,44.0,
73,2,1230.0,900,2.0,
74,4,3130.0,900,0.25,
75,1,3721.0,900,20.0,
76,4,3130.0,900,0.25,
77,2,1230.0,900,2.0,
78,1,3721.0,900,20.0,
79,2,1230.0,900,2.0,
80,2,1230.0,900,2.0,
81,0,1920.0,900,44.0,
82,0,1920.0,900,44.0,
83,2,1230.0,900,2.0,
84,3,3167.0,900,1.0,
85,0,1920.0,900,44.0,
86,1,3721.0,900,20.0,
87,2,1230.0,900,2.0,
88,2,1230.0,900,2.0,
89,0,1920.0,900,44.0,
90,1,3721.0,900,20.0,
91,1,3721.0,900,20.0,
92,3,3167.0,900,1.0,
93,4,3130.0,900,0.25,
94,3,3167.0,900,1.0,
95,4,3130.0,900,0.25,
96,1,3721.0,900,20.0,
97,3,3167.0,900,1.0,
98,4,3130.0,900,0.25,
99,0,1920.0,900,44.0,
100,0,1920.0,1800,44.0,
101,3,3167.0,1800,1.0,
102,1,3721.0,1800,20.0,
103,0,1920.0,1800,44.0,
104,4,3130.0,1800,0.25,
105,1,3721.0,1800,20.0,
106,3,3167.0,1800,1.0,
107,1,3721.0,1800,20.0,
108,1,3721.0,1800,20.0,
109,3,3167.0,1800,1.0,
110,2,1230.0,1800,2.0,
111,1,3721.0,1800,20.0,
112,0,1920.0,1800,44.0,
113,3,3167.0,1800,1.0,
114,0,1920.0,1800,44.0,
115,4,3130.0,1800,0.25,
116,1,3721.0,1800,20.0,
117,1,3721.0,1800,20.0,
118,2,1230.0,1800,2.0,
119,0,1920.0,1800,44.0,
120,1,3721.0,1800,20.0,
121,3,3167.0,1800,1.0,
122,1,3721.0,1800,20.0,
123,2,1230.0,1800,2.0,
124,4,3130.0,1800,0.25,
125,3,3167.0,1800,1.0,
126,2,1230.0,1800,2.0,
127,3,3167.0,1800,1.0,
128,1,3721.0,1800,20.0,
129,0,1920.0,1800,44.0,
130,2,1230.0,1800,2.0,
131,3,3167.0,1800,1.0,
132,2,1230.0,1800,2.0,
133,1,3721.0,1800,20.0,
134,4,3130.0,1800,0.25,
135,1,3721.0,1800,20.0,
136,0,1920.0,1800,44.0,
137,4,3130.0,1800,0.25,
138,1,3721.0,1800,20.0,
139,2,1230.0,1800,2.0,
140,4,3130.0,1800,0.25,
141,0,1920.0,1800,44.0,
142,3,3167.0,1800,1.0,
143,2,1230.0,1800,2.0,
144,0,1920.0,1800,44.0,
145,1,3721.0,1800,20.0,
146,4,3130.0,1800,0.25,
147,1,3721.0,1800,20.0,
148,4,3130.0,1800,0.25,
149,0,1920.0,1800,44.0,
150,4,3130.0,2700,0.25,
151,2,1230.0,2700,2.0,
152,2,1230.0,2700,2.0,
153,0,1920.0,2700,44.0,
154,2,1230.0,2700,2.0,
155,3,3167.0,2700,1.0,
156,2,1230.0,2700,2.0,
157,1,3721.0,2700,20.0,
158,2,1230.0,2700,2.0,
159,2,1230.0,2700,2.0,
160,2,1230.0,2700,2.0,
161,4,3130.0,2700,0.25,
162,4,3130.0,2700,0.25,
163,4,3130.0,2700,0.25,
164,4,3130.0,2700,0.25,
165,2,1230.0,2700,2.0,
166,2,1230.0,2700,2.0,
167,4,3130.0,2700,0.25,
168,3,3167.0,2700,1.0,
169,4,3130.0,2700,0.25,
170,0,1920.0,2700,44.0,
171,4,3130.0,2700,0.25,
172,4,3130.0,2700,0.25,
173,3,3167.0,2700,1.0,
174,1,3721.0,2700,20.0,
175,1,3721.0,2700,20.0,
176,4,3130.0,2700,0.25,
177,0,1920.0,2700,44.0,
178,3,3167.0,2700,1.0,
179,2,1230.0,2700,2.0,
180,2,1230.0,2700,2.0,
181,1,3721.0,2700,20.0,
182,4,3130.0,2700,0.25,
183,0,1920.0,2700,44.0,
184,0,1920.0,2700,44.0,
185,1,3721.0,2700,20.0,
186,1,3721.0,2700,20.0,
187,0,1920.0,2700,44.0,
188,4,3130.0,2700,0.25,
189,1,3721.0,2700,20.0,
190,4,3130.0,2700,0.25,
191,3,3167.0,2700,1.0,
192,1,3721.0,2700,20.0,
193,4,3130.0,2700,0.25,
194,3,3167.0,2700,1.0,
195,4,3130.0,2700,0.25,
196,0,1920.0,2700,44.0,
197,1,3721.0,2700,20.0,
198,1,3721.0,2700,20.0,
199,2,1230.0,2700,2.0,
200,3,3167.0,3600,1.0,
201,0,1920.0,3600,44.0,
202,4,3130.0,3600,0.25,
203,0,1920.0,3600,44.0,
204,3,3167.0,3600,1.0,
205,2,1230.0,3600,2.0,
206,4,3130.0,3600,0.25,
207,3,3167.0,3600,1.0,
208,0,1920.0,3600,44.0,
209,2,1230.0,3600,2.0,
210,2,1230.0,3600,2.0,
211,1,3721.0,3600,20.0,
212,3,3167.0,3600,1.0,
213,4,3130.0,3600,0.25,
214,2,1230.0,3600,2.0,
215,1,3721.0,3600,20.0,
216,2,1230.0,3600,2.0,
217,1,3721.0,3600,20.0,
218,4,3130.0,3600,0.25,
219,4,3130.0,3600,0.25,
220,1,3721.0,3600,20.0,
221,4,3130.0,3600,0.25,
222,3,3167.0,3600,1.0,
223,2,1230.0,3600,2.0,
224,2,1230.0,3600,2.0,
225,3,3167.0,3600,1.0,
226,4,3130.0,3600,0.25,
227,4,3130.0,3600,0.25,
228,2,1230.0,3600,2.0,
229,2,1230.0,3600,2.0,
230,1,3721.0,3600,20.0,
231,1,3721.0,3600,20.0,
232,0,1920.0,3600,44.0,
233,1,3721.0,3600,20.0,
234,0,1920.0,3600,44.0,
235,4,3130.0,3600,0.25,
236,4,3130.0,3600,0.25,
237,2,1230.0,3600,2.0,
238,4,3130.0,3600,0.25,
239,3,3167.0,3600,1.0,
240,4,3130.0,3600,0.25,
241,0,1920.0,3600,44.0,
242,1,3721.0,3600,20.0,
243,3,3167.0,3600,1.0,
244,1,3721.0,3600,20.0,
245,2,1230.0,3600,2.0,
246,2,1230.0,3600,2.0,
247,4,3130.0,3600,0.25,
248,2,1230.0,3600,2.0,
249,3,3167.0,3600,1.0,
250,4,3130.0,4500,0.25,
251,0,1920.0,4500,44.0,
252,4,3130.0,4500,0.25,
253,3,3167.0,4500,1.0,
254,1,3721.0,4500,20.0,
255,1,3721.0,4500,20.0,
256,4,3130.0,4500,0.25,
257,2,1230.0,4500,2.0,
258,2,1230.0,4500,2.0,
259,2,1230.0,4500,2.0,
260,1,3721.0,4500,20.0,
261,2,1230.0,4500,2.0,
262,2,1230.0,4500,2.0,
263,3,3167.0,4500,1.0,
264,4,3130.0,4500,0.25,
265,4,3130.0,4500,0.25,
266,2,1230.0,4500,2.0,
267,3,3167.0,4500,1.0,
268,2,1230.0,4500,2.0,
269,1,3721.0,4500,20.0,
270,1,3721.0,4500,20.0,
271,1,3721.0,4500,20.0,
272,1,3721.0,4500,20.0,
273,4,3130.0,4500,0.25,
274,4,3130.0,4500,0.25,
275,4,3130.0,4500,0.25,
276,4,3130.0,4500,0.25,
277,4,3130.0,4500,0.25,
278,0,1920.0,4500,44.0,
279,3,3167.0,4500,1.0,
280,2,1230.0,4500,2.0,
281,1,3721.0,4500,20.0,
282,2,1230.0,4500,2.0,
283,3,3167.0,4500,1.0,
284,0,1920.0,4500,44.0,
285,1,3721.0,4500,20.0,
286,0,1920.0,4500,44.0,
287,3,3167.0,4500,1.0,
288,3,3167.0,4500,1.0,
289,4,3130.0,4500,0.25,
290,0,1920.0,4500,44.0,
291,0,1920.0,4500,44.0,
292,3,3167.0,4500,1.0,
293,4,3130.0,4500,0.25,
294,4,3130.0,4500,0.25,
295,4,3130.0,4500,0.25,
296,1,3721.0,4500,20.0,
297,3,3167.0,4500,1.0,
298,2,1230.0,4500,2.0,
299,4,3130.0,4500,0.25,
300,1,3721.0,5400,20.0,
301,0,1920.0,5400,44.0,
302,0,1920.0,5400,44.0,
303,0,1920.0,5400,44.0,
304,0,1920.0,5400,44.0,
305,4,3130.0,5400,0.25,
306,1,3721.0,5400,20.0,
307,0,1920.0,5400,44.0,
308,3,3167.0,5400,1.0,
309,3,3167.0,5400,1.0,
310,2,1230.0,5400,2.0,
311,2,1230.0,5400,2.0,
312,4,3130.0,5400,0.25,
313,0,1920.0,5400,44.0,
314,4,3130.0,5400,0.25,
315,1,3721.0,5400,20.0,
316,0,1920.0,5400,44.0,
317,2,1230.0,5400,2.0,
318,4,3130.0,5400,0.25,
319,1,3721.0,5400,20.0,
320,2,1230.0,5400,2.0,
321,1,3721.0,5400,20.0,
322,4,3130.0,5400,0.25,
323,1,3721.0,5400,20.0,
324,2,1230.0,5400,2.0,
325,4,3130.0,5400,0.25,
326,4,3130.0,5400,0.25,
327,2,1230.0,5400,2.0,
328,3,3167.0,5400,1.0,
329,0,1920.0,5400,44.0,
330,4,3130.0,5400,0.25,
331,1,3721.0,5400,20.0,
332,4,3130.0,5400,0.25,
333,4,3130.0,5400,0.25,
334,4,3130.0,5400,0.25,
335,0,1920.0,5400,44.0,
336,0,1920.0,5400,44.0,
337,0,1920.0,5400,44.0,
338,1,3721.0,5400,20.0,
339,3,3167.0,5400,1.0,
340,0,1920.0,5400,44.0,
341,0,1920.0,5400,44.0,
342,4,3130.0,5400,0.25,
343,2,1230.0,5400,2.0,
344,2,1230.0,5400,2.0,
345,4,3130.0,5400,0.25,
346,0,1920.0,5400,44.0,
347,1,3721.0,5400,20.0,
348,4,3130.0,5400,0.25,
349,0,1920.0,5400,44.0,
350,2,1230.0,6300,2.0,
351,2,1230.0,6300,2.0,
352,2,1230.0,6300,2.0,
353,0,1920.0,6300,44.0,
354,1,3721.0,6300,20.0,
355,1,3721.0,6300,20.0,
356,2,1230.0,6300,2.0,
357,4,3130.0,6300,0.25,
358,3,3167.0,6300,1.0,
359,3,3167.0,6300,1.0,
360,2,1230.0,6300,2.0,
361,3,3167.0,6300,1.0,
362,0,1920.0,6300,44.0,
363,2,1230.0,6300,2.0,
364,1,3721.0,6300,20.0,
365,1,3721.0,6300,20.0,
366,0,1920.0,6300,44.0,
367,1,3721.0,6300,20.0,
368,3,3167.0,6300,1.0,
369,4,3130.0,6300,0.25,
370,1,3721.0,6300,20.0,
371,4,3130.0,6300,0.25,
372,3,3167.0,6300,1.0,
373,2,1230.0,6300,2.0,
374,3,3167.0,6300,1.0,
375,2,1230.0,6300,2.0,
376,2,1230.0,6300,2.0,
377,3,3167.0,6300,1.0,
378,4,3130.0,6300,0.25,
379,4,3130.0,6300,0.25,
380,3,3167.0,6300,1.0,
381,2,1230.0,6300,2.0,
382,3,3167.0,6300,1.0,
383,1,3721.0,6300,20.0,
384,1,3721.0,6300,20.0,
385,4,3130.0,6300,0.25,
386,0,1920.0,6300,44.0,
387,1,3721.0,6300,20.0,
388,0,1920.0,6300,44.0,
389,4,3130.0,6300,0.25,
390,3,3167.0,6300,1.0,
391,1,3721.0,6300,20.0,
392,4,3130.0,6300,0.25,
393,2,1230.0,6300,2.0,
394,2,1230.0,6300,2.0,
395,1,3721.0,6300,20.0,
396,1,3721.0,6300,20.0,
397,3,3167.0,6300,1.0,
398,1,3721.0,6300,20.0,
399,1,3721.0,6300,20.0,
400,0,1920.0,7200,44.0,
401,4,3130.0,7200,0.25,
402,0,1920.0,7200,44.0,
403,1,3721.0,7200,20.0,
404,3,3167.0,7200,1.0,
405,4,3130.0,7200,0.25,
406,4,3130.0,7200,0.25,
407,0,1920.0,7200,44.0,
408,0,1920.0,7200,44.0,
409,2,1230.0,7200,2.0,
410,4,3130.0,7200,0.25,
411,2,1230.0,7200,2.0,
412,4,3130.0,7200,0.25,
413,3,3167.0,7200,1.0,
414,0,1920.0,7200,44.0,
415,1,3721.0,7200,20.0,
416,1,3721.0,7200,20.0,
417,4,3130.0,7200,0.25,
418,2,1230.0,7200,2.0,
419,2,1230.0,7200,2.0,
420,2,1230.0,7200,2.0,
421,1,3721.0,7200,20.0,
422,1,3721.0,7200,20.0,
423,0,1920.0,7200,44.0,
424,4,3130.0,7200,0.25,
425,4,3130.0,7200,0.25,
426,0,1920.0,7200,44.0,
427,0,1920.0,7200,44.0,
428,2,1230.0,7200,2.0,
429,1,3721.0,7200,20.0,
430,4,3130.0,7200,0.25,
431,0,1920.0,7200,44.0,
432,1,3721.0,7200,20.0,
433,4,3130.0,7200,0.25,
434,2,1230.0,7200,2.0,
435,0,1920.0,7200,44.0,
436,0,1920.0,7200,44.0,
437,1,3721.0,7200,20.0,
438,1,3721.0,7200,20.0,
439,1,3721.0,7200,20.0,
440,0,1920.0,7200,44.0,
441,4,3130.0,7200,0.25,
442,0,1920.0,7200,44.0,
443,1,3721.0,7200,20.0,
444,1,3721.0,7200,20.0,
445,0,1920.0,7200,44.0,
446,1,3721.0,7200,20.0,
447,4,3130.0,7200,0.25,
448,2,1230.0,7200,2.0,
449,3,3167.0,7200,1.0,
450,4,3130.0,8100,0.25,
451,3,3167.0,8100,1.0,
452,0,1920.0,8100,44.0,
453,0,1920.0,8100,44.0,
454,1,3721.0,8100,20.0,
455,4,3130.0,8100,0.25,
456,0,1920.0,8100,44.0,
457,3,3167.0,8100,1.0,
458,0,1920.0,8100,44.0,
459,4,3130.0,8100,0.25,
460,0,1920.0,8100,44.0,
461,2,1230.0,8100,2.0,
462,2,1230.0,8100,2.0,
463,1,3721.0,8100,20.0,
464,4,3130.0,8100,0.25,
465,4,3130.0,8100,0.25,
466,1,3721.0,8100,20.0,
467,3,3167.0,8100,1.0,
468,3,3167.0,8100,1.0,
469,1,3721.0,8100,20.0,
470,0,1920.0,8100,44.0,
471,1,3721.0,8100,20.0,
472,2,1230.0,8100,2.0,
473,1,3721.0,8100,20.0,
474,3,3167.0,8100,1.0,
475,1,3721.0,8100,20.0,
476,3,3167.0,8100,1.0,
477,2,1230.0,8100,2.0,
478,1,3721.0,8100,20.0,
479,0,1920.0,8100,44.0,
480,0,1920.0,8100,44.0,
481,0,1920.0,8100,44.0,
482,3,3167.0,8100,1.0,
483,2,1230.0,8100,2.0,
484,3,3167.0,8100,1.0,
485,0,1920.0,8100,44.0,
486,1,3721.0,8100,20.0,
487,4,3130.0,8100,0.25,
488,3,3167.0,8100,1.0,
489,3,3167.0,8100,1.0,
490,0,1920.0,8100,44.0,
491,1,3721.0,8100,20.0,
492,3,3167.0,8100,1.0,
493,2,1230.0,8100,2.0,
494,4,3130.0,8100,0.25,
495,3,3167.0,8100,1.0,
496,2,1230.0,8100,2.0,
497,0,1920.0,8100,44.0,
498,1,3721.0,8100,20.0,
499,0,1920.0,8100,44.0,
