workflow_T,cjm_status,vma_status
170,SUCCESS,SUCCESS
171,SUCCESS,SUCCESS
172,SUCCESS,SUCCESS
173,SUCCESS,SUCCESS
174,SUCCESS,SUCCESS
175,SUCCESS,SUCCESS
176,SUCCESS,SUCCESS
177,SUCCESS,SUCCESS
178,SUCCESS,SUCCESS
179,SUCCESS,SUCCESS
180,SUCCESS,SUCCESS
181,SUCCESS,SUCCESS
182,SUCCESS,SUCCESS
183,SUCCESS,SUCCESS
184,SUCCESS,SUCCESS
185,SUCCESS,SUCCESS
186,SUCCESS,SUCCESS
187,SUCCESS,SUCCESS
188,SUCCESS,SUCCESS
189,SUCCESS,SUCCESS
190,SUCCESS,SUCCESS
191,SUCCESS,SUCCESS
192,SUCCESS,SUCCESS
193,SUCCESS,SUCCESS
194,SUCCESS,SUCCESS
195,SUCCESS,SUCCESS
196,SUCCESS,SUCCESS
197,SUCCESS,SUCCESS
198,SUCCESS,SUCCESS
199,SUCCESS,SUCCESS
200,SUCCESS,SUCCESS
201,SUCCESS,SUCCESS
202,SUCCESS,SUCCESS
203,SUCCESS,SUCCESS
204,SUCCESS,SUCCESS
205,SUCCESS,SUCCESS
206,SUCCESS,SUCCESS
207,SUCCESS,SUCCESS
208,SUCCESS,SUCCESS
209,SUCCESS,SUCCESS
210,SUCCESS,SUCCESS
211,SUCCESS,SUCCESS
212,SUCCESS,SUCCESS
213,SUCCESS,SUCCESS
214,SUCCESS,SUCCESS
215,SUCCESS,SUCCESS
216,SUCCESS,SUCCESS
217,SUCCESS,SUCCESS
218,SUCCESS,SUCCESS
219,SUCCESS,SUCCESS
220,SUCCESS,SUCCESS
221,SUCCESS,SUCCESS
222,SUCCESS,SUCCESS
223,SUCCESS,SUCCESS
224,SUCCESS,SUCCESS
225,SUCCESS,SUCCESS
226,SUCCESS,SUCCESS
227,SUCCESS,SUCCESS
228,SUCCESS,SUCCESS
229,SUCCESS,SUCCESS
230,SUCCESS,SUCCESS
231,SUCCESS,SUCCESS
232,SUCCESS,SUCCESS
233,SUCCESS,SUCCESS
234,SUCCESS,SUCCESS
235,SUCCESS,SUCCESS
236,SUCCESS,SUCCESS
237,SUCCESS,SUCCESS
238,SUCCESS,SUCCESS
239,SUCCESS,SUCCESS
240,SUCCESS,SUCCESS
241,SUCCESS,SUCCESS
242,SUCCESS,SUCCESS
243,SUCCESS,SUCCESS
244,SUCCESS,SUCCESS
245,SUCCESS,SUCCESS
246,SUCCESS,SUCCESS
247,SUCCESS,SUCCESS
248,SUCCESS,SUCCESS
249,SUCCESS,SUCCESS
250,SUCCESS,SUCCESS
251,SUCCESS,SUCCESS
252,SUCCESS,SUCCESS
253,SUCCESS,SUCCESS
254,SUCCESS,SUCCESS
255,SUCCESS,SUCCESS
256,SUCCESS,SUCCESS
257,SUCCESS,SUCCESS
258,SUCCESS,SUCCESS
259,SUCCESS,SUCCESS
260,SUCCESS,SUCCESS
261,SUCCESS,SUCCESS
262,SUCCESS,SUCCESS
263,SUCCESS,SUCCESS
264,SUCCESS,SUCCESS
265,SUCCESS,SUCCESS
266,SUCCESS,SUCCESS
267,SUCCESS,SUCCESS
268,SUCCESS,SUCCESS
269,SUCCESS,SUCCESS
270,SUCCESS,SUCCESS
271,SUCCESS,SUCCESS
272,SUCCESS,SUCCESS
273,SUCCESS,SUCCESS
274,SUCCESS,SUCCESS
275,SUCCESS,SUCCESS
276,SUCCESS,SUCCESS
277,SUCCESS,SUCCESS
278,SUCCESS,SUCCESS
279,SUCCESS,SUCCESS
280,SUCCESS,SUCCESS
281,SUCCESS,SUCCESS
282,SUCCESS,SUCCESS
283,SUCCESS,SUCCESS
284,SUCCESS,SUCCESS
285,SUCCESS,SUCCESS
286,SUCCESS,SUCCESS
287,SUCCESS,SUCCESS
288,SUCCESS,SUCCESS
289,SUCCESS,SUCCESS
290,SUCCESS,SUCCESS
291,SUCCESS,SUCCESS
292,SUCCESS,SUCCESS
293,SUCCESS,SUCCESS
294,SUCCESS,SUCCESS
295,SUCCESS,SUCCESS
296,SUCCESS,SUCCESS
297,SUCCESS,SUCCESS
298,SUCCESS,SUCCESS
299,SUCCESS,SUCCESS
300,SUCCESS,SUCCESS
301,SUCCESS,SUCCESS
302,SUCCESS,SUCCESS
303,SUCCESS,SUCCESS
304,SUCCESS,SUCCESS
305,SUCCESS,SUCCESS
306,SUCCESS,SUCCESS
307,SUCCESS,SUCCESS
308,SUCCESS,SUCCESS
309,SUCCESS,SUCCESS
310,SUCCESS,SUCCESS
311,SUCCESS,SUCCESS
312,SUCCESS,SUCCESS
313,SUCCESS,SUCCESS
314,SUCCESS,SUCCESS
315,SUCCESS,SUCCESS
316,SUCCESS,SUCCESS
317,SUCCESS,SUCCESS
318,SUCCESS,SUCCESS
319,SUCCESS,SUCCESS
320,SUCCESS,SUCCESS
321,SUCCESS,SUCCESS
322,SUCCESS,SUCCESS
323,SUCCESS,SUCCESS
324,SUCCESS,SUCCESS
325,SUCCESS,SUCCESS
326,SUCCESS,SUCCESS
327,SUCCESS,SUCCESS
328,SUCCESS,SUCCESS
329,SUCCESS,SUCCESS
330,SUCCESS,SUCCESS
331,SUCCESS,SUCCESS
332,SUCCESS,SUCCESS
333,SUCCESS,SUCCESS
334,SUCCESS,SUCCESS
335,SUCCESS,SUCCESS
336,SUCCESS,SUCCESS
337,SUCCESS,SUCCESS
338,SUCCESS,SUCCESS
339,SUCCESS,SUCCESS
340,SUCCESS,SUCCESS
341,SUCCESS,SUCCESS
342,SUCCESS,SUCCESS
343,SUCCESS,SUCCESS
344,SUCCESS,SUCCESS
345,SUCCESS,SUCCESS
346,SUCCESS,SUCCESS
347,SUCCESS,SUCCESS
348,SUCCESS,SUCCESS
349,SUCCESS,SUCCESS
350,SUCCESS,SUCCESS
351,SUCCESS,SUCCESS
352,SUCCESS,SUCCESS
353,SUCCESS,SUCCESS
354,SUCCESS,SUCCESS
355,SUCCESS,SUCCESS
356,SUCCESS,SUCCESS
357,SUCCESS,SUCCESS
358,SUCCESS,SUCCESS
359,SUCCESS,SUCCESS
360,SUCCESS,SUCCESS
361,SUCCESS,SUCCESS
362,SUCCESS,SUCCESS
363,SUCCESS,SUCCESS
364,SUCCESS,SUCCESS
365,SUCCESS,SUCCESS
366,SUCCESS,SUCCESS
367,SUCCESS,SUCCESS
368,SUCCESS,SUCCESS
369,SUCCESS,SUCCESS
370,SUCCESS,SUCCESS
371,SUCCESS,SUCCESS
372,SUCCESS,SUCCESS
373,SUCCESS,SUCCESS
374,SUCCESS,SUCCESS
375,SUCCESS,SUCCESS
376,SUCCESS,SUCCESS
377,SUCCESS,SUCCESS
378,SUCCESS,SUCCESS
379,SUCCESS,SUCCESS
380,SUCCESS,SUCCESS
381,SUCCESS,SUCCESS
382,SUCCESS,SUCCESS
383,SUCCESS,SUCCESS
384,SUCCESS,SUCCESS
385,SUCCESS,SUCCESS
386,SUCCESS,SUCCESS
387,SUCCESS,SUCCESS
388,SUCCESS,SUCCESS
389,SUCCESS,SUCCESS
390,SUCCESS,SUCCESS
391,SUCCESS,SUCCESS
392,SUCCESS,SUCCESS
393,SUCCESS,SUCCESS
394,SUCCESS,SUCCESS
395,SUCCESS,SUCCESS
396,SUCCESS,SUCCESS
397,SUCCESS,SUCCESS
398,SUCCESS,SUCCESS
399,SUCCESS,SUCCESS
400,SUCCESS,SUCCESS
401,SUCCESS,SUCCESS
402,SUCCESS,SUCCESS
403,SUCCESS,SUCCESS
404,SUCCESS,SUCCESS
405,SUCCESS,SUCCESS
406,SUCCESS,SUCCESS
407,SUCCESS,SUCCESS
408,SUCCESS,SUCCESS
409,SUCCESS,SUCCESS
410,SUCCESS,SUCCESS
411,SUCCESS,SUCCESS
412,SUCCESS,SUCCESS
413,SUCCESS,SUCCESS
414,SUCCESS,SUCCESS
415,SUCCESS,SUCCESS
416,SUCCESS,SUCCESS
417,SUCCESS,SUCCESS
418,SUCCESS,SUCCESS
419,SUCCESS,SUCCESS
420,SUCCESS,SUCCESS
421,SUCCESS,SUCCESS
422,SUCCESS,SUCCESS
423,SUCCESS,SUCCESS
424,SUCCESS,SUCCESS
425,SUCCESS,SUCCESS
426,SUCCESS,SUCCESS
427,SUCCESS,SUCCESS
428,SUCCESS,SUCCESS
429,SUCCESS,SUCCESS
430,SUCCESS,SUCCESS
431,SUCCESS,SUCCESS
432,SUCCESS,SUCCESS
433,SUCCESS,SUCCESS
434,SUCCESS,SUCCESS
435,SUCCESS,SUCCESS
436,SUCCESS,SUCCESS
437,SUCCESS,SUCCESS
438,SUCCESS,SUCCESS
439,SUCCESS,SUCCESS
440,SUCCESS,SUCCESS
441,SUCCESS,SUCCESS
442,SUCCESS,SUCCESS
443,SUCCESS,SUCCESS
444,SUCCESS,SUCCESS
445,SUCCESS,SUCCESS
446,SUCCESS,SUCCESS
447,SUCCESS,SUCCESS
448,SUCCESS,SUCCESS
449,SUCCESS,SUCCESS
450,SUCCESS,SUCCESS
451,SUCCESS,SUCCESS
452,SUCCESS,SUCCESS
453,SUCCESS,SUCCESS
454,SUCCESS,SUCCESS
455,SUCCESS,SUCCESS
456,SUCCESS,SUCCESS
457,SUCCESS,SUCCESS
458,SUCCESS,SUCCESS
459,SUCCESS,SUCCESS
460,SUCCESS,SUCCESS
461,SUCCESS,SUCCESS
462,SUCCESS,SUCCESS
463,SUCCESS,SUCCESS
464,SUCCESS,SUCCESS
465,SUCCESS,SUCCESS
466,SUCCESS,SUCCESS
467,SUCCESS,SUCCESS
468,SUCCESS,SUCCESS
469,SUCCESS,SUCCESS
470,SUCCESS,SUCCESS
471,SUCCESS,SUCCESS
472,SUCCESS,SUCCESS
473,SUCCESS,SUCCESS
474,SUCCESS,SUCCESS
475,SUCCESS,SUCCESS
476,SUCCESS,SUCCESS
477,SUCCESS,SUCCESS
478,SUCCESS,SUCCESS
479,SUCCESS,SUCCESS
480,SUCCESS,SUCCESS
481,SUCCESS,SUCCESS
482,SUCCESS,SUCCESS
483,SUCCESS,SUCCESS
484,SUCCESS,SUCCESS
485,SUCCESS,SUCCESS
486,SUCCESS,SUCCESS
487,SUCCESS,SUCCESS
488,SUCCESS,SUCCESS
489,SUCCESS,SUCCESS
490,SUCCESS,SUCCESS
491,SUCCESS,SUCCESS
492,SUCCESS,SUCCESS
493,SUCCESS,SUCCESS
494,SUCCESS,SUCCESS
495,SUCCESS,SUCCESS
496,SUCCESS,SUCCESS
497,SUCCESS,SUCCESS
498,SUCCESS,SUCCESS
499,SUCCESS,SUCCESS
500,SUCCESS,SUCCESS
501,SUCCESS,SUCCESS
502,SUCCESS,SUCCESS
503,SUCCESS,SUCCESS
504,SUCCESS,SUCCESS
505,SUCCESS,SUCCESS
506,SUCCESS,SUCCESS
507,SUCCESS,SUCCESS
508,SUCCESS,SUCCESS
509,SUCCESS,SUCCESS
510,SUCCESS,SUCCESS
511,SUCCESS,SUCCESS
512,SUCCESS,SUCCESS
513,SUCCESS,SUCCESS
514,SUCCESS,SUCCESS
515,SUCCESS,SUCCESS
516,SUCCESS,SUCCESS
517,SUCCESS,SUCCESS
518,SUCCESS,SUCCESS
519,SUCCESS,SUCCESS
520,SUCCESS,SUCCESS
521,SUCCESS,SUCCESS
522,SUCCESS,SUCCESS
523,SUCCESS,SUCCESS
524,SUCCESS,SUCCESS
525,SUCCESS,SUCCESS
526,SUCCESS,SUCCESS
527,SUCCESS,SUCCESS
528,SUCCESS,SUCCESS
529,SUCCESS,SUCCESS
530,SUCCESS,SUCCESS
531,SUCCESS,SUCCESS
532,SUCCESS,SUCCESS
533,SUCCESS,SUCCESS
534,SUCCESS,SUCCESS
535,SUCCESS,SUCCESS
536,SUCCESS,SUCCESS
537,SUCCESS,SUCCESS
538,SUCCESS,SUCCESS
539,SUCCESS,SUCCESS
540,SUCCESS,SUCCESS
541,SUCCESS,SUCCESS
542,SUCCESS,SUCCESS
543,SUCCESS,SUCCESS
544,SUCCESS,SUCCESS
545,SUCCESS,SUCCESS
546,SUCCESS,SUCCESS
547,SUCCESS,SUCCESS
548,SUCCESS,SUCCESS
549,SUCCESS,SUCCESS
550,SUCCESS,SUCCESS
551,SUCCESS,SUCCESS
552,SUCCESS,SUCCESS
553,SUCCESS,SUCCESS
554,SUCCESS,SUCCESS
555,SUCCESS,SUCCESS
556,SUCCESS,SUCCESS
557,SUCCESS,SUCCESS
558,SUCCESS,SUCCESS
559,SUCCESS,SUCCESS
560,SUCCESS,SUCCESS
561,SUCCESS,SUCCESS
562,SUCCESS,SUCCESS
563,SUCCESS,SUCCESS
564,SUCCESS,SUCCESS
565,SUCCESS,SUCCESS
566,SUCCESS,SUCCESS
567,SUCCESS,SUCCESS
568,SUCCESS,SUCCESS
569,SUCCESS,SUCCESS
570,SUCCESS,SUCCESS
571,SUCCESS,SUCCESS
572,SUCCESS,SUCCESS
573,SUCCESS,SUCCESS
574,SUCCESS,SUCCESS
575,SUCCESS,SUCCESS
576,SUCCESS,SUCCESS
577,SUCCESS,SUCCESS
578,SUCCESS,SUCCESS
579,SUCCESS,SUCCESS
580,SUCCESS,SUCCESS
581,SUCCESS,SUCCESS
582,SUCCESS,SUCCESS
583,SUCCESS,SUCCESS
584,SUCCESS,SUCCESS
585,SUCCESS,SUCCESS
586,SUCCESS,SUCCESS
587,SUCCESS,SUCCESS
588,SUCCESS,SUCCESS
589,SUCCESS,SUCCESS
590,SUCCESS,SUCCESS
591,SUCCESS,SUCCESS
592,SUCCESS,SUCCESS
593,SUCCESS,SUCCESS
594,SUCCESS,SUCCESS
595,SUCCESS,SUCCESS
596,SUCCESS,SUCCESS
597,SUCCESS,SUCCESS
598,SUCCESS,SUCCESS
599,SUCCESS,SUCCESS
600,SUCCESS,SUCCESS
601,SUCCESS,SUCCESS
602,SUCCESS,SUCCESS
603,SUCCESS,SUCCESS
604,SUCCESS,SUCCESS
605,SUCCESS,SUCCESS
606,SUCCESS,SUCCESS
607,SUCCESS,SUCCESS
608,SUCCESS,SUCCESS
609,SUCCESS,SUCCESS
610,SUCCESS,SUCCESS
611,SUCCESS,SUCCESS
612,SUCCESS,SUCCESS
613,SUCCESS,SUCCESS
614,SUCCESS,SUCCESS
615,SUCCESS,SUCCESS
616,SUCCESS,SUCCESS
617,SUCCESS,SUCCESS
618,SUCCESS,SUCCESS
619,SUCCESS,SUCCESS
620,SUCCESS,SUCCESS
621,SUCCESS,SUCCESS
622,SUCCESS,SUCCESS
623,SUCCESS,SUCCESS
624,SUCCESS,SUCCESS
625,SUCCESS,SUCCESS
626,SUCCESS,SUCCESS
627,SUCCESS,SUCCESS
628,SUCCESS,SUCCESS
629,SUCCESS,SUCCESS
630,SUCCESS,SUCCESS
631,SUCCESS,SUCCESS
632,SUCCESS,SUCCESS
633,SUCCESS,SUCCESS
634,SUCCESS,SUCCESS
635,SUCCESS,SUCCESS
636,SUCCESS,SUCCESS
637,SUCCESS,SUCCESS
638,SUCCESS,SUCCESS
639,SUCCESS,SUCCESS
640,SUCCESS,SUCCESS
641,SUCCESS,SUCCESS
642,SUCCESS,SUCCESS
643,SUCCESS,SUCCESS
644,SUCCESS,SUCCESS
645,SUCCESS,SUCCESS
646,SUCCESS,SUCCESS
647,SUCCESS,SUCCESS
648,SUCCESS,SUCCESS
649,SUCCESS,SUCCESS
650,SUCCESS,SUCCESS
651,SUCCESS,SUCCESS
652,SUCCESS,SUCCESS
653,SUCCESS,SUCCESS
654,SUCCESS,SUCCESS
655,SUCCESS,SUCCESS
656,SUCCESS,SUCCESS
657,SUCCESS,SUCCESS
658,SUCCESS,SUCCESS
659,SUCCESS,SUCCESS
660,SUCCESS,SUCCESS
661,SUCCESS,SUCCESS
662,SUCCESS,SUCCESS
663,SUCCESS,SUCCESS
664,SUCCESS,SUCCESS
665,SUCCESS,SUCCESS
666,SUCCESS,SUCCESS
667,SUCCESS,SUCCESS
668,SUCCESS,SUCCESS
669,SUCCESS,SUCCESS
670,SUCCESS,SUCCESS
671,SUCCESS,SUCCESS
672,SUCCESS,SUCCESS
673,SUCCESS,SUCCESS
674,SUCCESS,SUCCESS
675,SUCCESS,SUCCESS
676,SUCCESS,SUCCESS
677,SUCCESS,SUCCESS
678,SUCCESS,SUCCESS
679,SUCCESS,SUCCESS
680,SUCCESS,SUCCESS
681,SUCCESS,SUCCESS
682,SUCCESS,SUCCESS
683,SUCCESS,SUCCESS
684,SUCCESS,SUCCESS
685,SUCCESS,SUCCESS
686,SUCCESS,SUCCESS
687,SUCCESS,SUCCESS
688,SUCCESS,SUCCESS
689,SUCCESS,SUCCESS
690,SUCCESS,SUCCESS
691,SUCCESS,SUCCESS
692,SUCCESS,SUCCESS
693,SUCCESS,SUCCESS
694,SUCCESS,SUCCESS
695,SUCCESS,SUCCESS
696,SUCCESS,SUCCESS
697,SUCCESS,SUCCESS
698,SUCCESS,SUCCESS
699,SUCCESS,SUCCESS
700,SUCCESS,SUCCESS
701,SUCCESS,SUCCESS
702,SUCCESS,SUCCESS
703,SUCCESS,SUCCESS
704,SUCCESS,SUCCESS
705,SUCCESS,SUCCESS
706,SUCCESS,SUCCESS
707,SUCCESS,SUCCESS
708,SUCCESS,SUCCESS
709,SUCCESS,SUCCESS
710,SUCCESS,SUCCESS
711,SUCCESS,SUCCESS
712,SUCCESS,SUCCESS
713,SUCCESS,SUCCESS
714,SUCCESS,SUCCESS
715,SUCCESS,SUCCESS
716,SUCCESS,SUCCESS
717,SUCCESS,SUCCESS
718,SUCCESS,SUCCESS
719,SUCCESS,SUCCESS
720,SUCCESS,SUCCESS
721,SUCCESS,SUCCESS
722,SUCCESS,SUCCESS
723,SUCCESS,SUCCESS
724,SUCCESS,SUCCESS
725,SUCCESS,SUCCESS
726,SUCCESS,SUCCESS
727,SUCCESS,SUCCESS
728,SUCCESS,SUCCESS
729,SUCCESS,SUCCESS
730,SUCCESS,SUCCESS
731,SUCCESS,SUCCESS
732,SUCCESS,SUCCESS
733,SUCCESS,SUCCESS
734,SUCCESS,SUCCESS
735,SUCCESS,SUCCESS
736,SUCCESS,SUCCESS
737,SUCCESS,SUCCESS
738,SUCCESS,SUCCESS
739,SUCCESS,SUCCESS
740,SUCCESS,SUCCESS
741,SUCCESS,SUCCESS
742,SUCCESS,SUCCESS
743,SUCCESS,SUCCESS
744,SUCCESS,SUCCESS
745,SUCCESS,SUCCESS
746,SUCCESS,SUCCESS
747,SUCCESS,SUCCESS
748,SUCCESS,SUCCESS
749,SUCCESS,SUCCESS
750,SUCCESS,UNSUCCESS
751,SUCCESS,UNSUCCESS
752,SUCCESS,UNSUCCESS
753,SUCCESS,UNSUCCESS
754,SUCCESS,SUCCESS
755,SUCCESS,SUCCESS
756,SUCCESS,SUCCESS
757,SUCCESS,SUCCESS
758,SUCCESS,SUCCESS
759,SUCCESS,SUCCESS
760,SUCCESS,SUCCESS
761,SUCCESS,SUCCESS
762,SUCCESS,UNSUCCESS
763,SUCCESS,UNSUCCESS
764,SUCCESS,UNSUCCESS
765,SUCCESS,UNSUCCESS
766,SUCCESS,UNSUCCESS
767,SUCCESS,UNSUCCESS
768,SUCCESS,UNSUCCESS
769,SUCCESS,UNSUCCESS
770,SUCCESS,UNSUCCESS
771,SUCCESS,UNSUCCESS
772,SUCCESS,UNSUCCESS
773,SUCCESS,UNSUCCESS
774,SUCCESS,UNSUCCESS
775,SUCCESS,UNSUCCESS
776,SUCCESS,UNSUCCESS
777,SUCCESS,UNSUCCESS
778,SUCCESS,UNSUCCESS
779,SUCCESS,UNSUCCESS
780,SUCCESS,UNSUCCESS
781,SUCCESS,UNSUCCESS
782,SUCCESS,UNSUCCESS
783,SUCCESS,UNSUCCESS
784,SUCCESS,UNSUCCESS
785,SUCCESS,UNSUCCESS
786,SUCCESS,UNSUCCESS
787,SUCCESS,UNSUCCESS
788,SUCCESS,UNSUCCESS
789,SUCCESS,UNSUCCESS
790,SUCCESS,UNSUCCESS
791,SUCCESS,UNSUCCESS
792,SUCCESS,UNSUCCESS
793,SUCCESS,UNSUCCESS
794,SUCCESS,UNSUCCESS
795,SUCCESS,UNSUCCESS
796,SUCCESS,UNSUCCESS
797,SUCCESS,UNSUCCESS
798,SUCCESS,UNSUCCESS
799,SUCCESS,UNSUCCESS
800,SUCCESS,UNSUCCESS
801,SUCCESS,UNSUCCESS
802,SUCCESS,UNSUCCESS
803,SUCCESS,UNSUCCESS
804,SUCCESS,UNSUCCESS
805,SUCCESS,UNSUCCESS
806,SUCCESS,UNSUCCESS
807,SUCCESS,UNSUCCESS
808,SUCCESS,UNSUCCESS
809,SUCCESS,UNSUCCESS
810,SUCCESS,UNSUCCESS
811,SUCCESS,UNSUCCESS
812,SUCCESS,UNSUCCESS
813,SUCCESS,UNSUCCESS
814,SUCCESS,UNSUCCESS
815,SUCCESS,UNSUCCESS
816,SUCCESS,UNSUCCESS
817,SUCCESS,UNSUCCESS
818,SUCCESS,UNSUCCESS
819,SUCCESS,UNSUCCESS
820,SUCCESS,UNSUCCESS
821,SUCCESS,UNSUCCESS
822,SUCCESS,UNSUCCESS
823,SUCCESS,UNSUCCESS
824,SUCCESS,UNSUCCESS
825,SUCCESS,UNSUCCESS
826,SUCCESS,UNSUCCESS
827,SUCCESS,UNSUCCESS
828,SUCCESS,UNSUCCESS
829,SUCCESS,UNSUCCESS
830,SUCCESS,UNSUCCESS
831,SUCCESS,UNSUCCESS
832,SUCCESS,UNSUCCESS
833,SUCCESS,UNSUCCESS
834,SUCCESS,UNSUCCESS
835,SUCCESS,UNSUCCESS
836,SUCCESS,UNSUCCESS
837,SUCCESS,UNSUCCESS
838,SUCCESS,UNSUCCESS
839,SUCCESS,UNSUCCESS
840,SUCCESS,UNSUCCESS
841,SUCCESS,UNSUCCESS
842,SUCCESS,UNSUCCESS
843,SUCCESS,UNSUCCESS
844,SUCCESS,UNSUCCESS
845,SUCCESS,UNSUCCESS
846,SUCCESS,UNSUCCESS
847,SUCCESS,UNSUCCESS
848,SUCCESS,UNSUCCESS
849,SUCCESS,UNSUCCESS
850,SUCCESS,UNSUCCESS
851,SUCCESS,UNSUCCESS
852,SUCCESS,UNSUCCESS
853,SUCCESS,UNSUCCESS
854,SUCCESS,UNSUCCESS
855,SUCCESS,UNSUCCESS
856,SUCCESS,UNSUCCESS
857,SUCCESS,UNSUCCESS
858,SUCCESS,UNSUCCESS
859,SUCCESS,UNSUCCESS
860,SUCCESS,UNSUCCESS
861,SUCCESS,UNSUCCESS
862,SUCCESS,UNSUCCESS
863,SUCCESS,UNSUCCESS
864,SUCCESS,UNSUCCESS
865,SUCCESS,UNSUCCESS
866,SUCCESS,UNSUCCESS
867,SUCCESS,UNSUCCESS
868,SUCCESS,UNSUCCESS
869,SUCCESS,UNSUCCESS
870,SUCCESS,UNSUCCESS
871,SUCCESS,UNSUCCESS
872,SUCCESS,UNSUCCESS
873,SUCCESS,UNSUCCESS
874,SUCCESS,UNSUCCESS
875,SUCCESS,UNSUCCESS
876,SUCCESS,UNSUCCESS
877,SUCCESS,UNSUCCESS
878,SUCCESS,UNSUCCESS
879,SUCCESS,UNSUCCESS
880,SUCCESS,UNSUCCESS
881,SUCCESS,UNSUCCESS
882,SUCCESS,UNSUCCESS
883,SUCCESS,UNSUCCESS
884,SUCCESS,UNSUCCESS
885,SUCCESS,UNSUCCESS
886,SUCCESS,UNSUCCESS
887,SUCCESS,UNSUCCESS
888,SUCCESS,UNSUCCESS
889,SUCCESS,UNSUCCESS
890,SUCCESS,UNSUCCESS
891,SUCCESS,UNSUCCESS
892,SUCCESS,UNSUCCESS
893,SUCCESS,UNSUCCESS
894,SUCCESS,UNSUCCESS
895,SUCCESS,UNSUCCESS
896,SUCCESS,UNSUCCESS
897,SUCCESS,UNSUCCESS
898,SUCCESS,UNSUCCESS
899,SUCCESS,UNSUCCESS
900,SUCCESS,UNSUCCESS
901,SUCCESS,UNSUCCESS
902,SUCCESS,UNSUCCESS
903,SUCCESS,UNSUCCESS
904,SUCCESS,UNSUCCESS
905,SUCCESS,UNSUCCESS
906,SUCCESS,UNSUCCESS
907,SUCCESS,UNSUCCESS
908,SUCCESS,UNSUCCESS
909,SUCCESS,UNSUCCESS
910,SUCCESS,UNSUCCESS
911,SUCCESS,UNSUCCESS
912,SUCCESS,UNSUCCESS
913,SUCCESS,UNSUCCESS
914,SUCCESS,UNSUCCESS
915,SUCCESS,UNSUCCESS
916,SUCCESS,UNSUCCESS
917,SUCCESS,UNSUCCESS
918,SUCCESS,UNSUCCESS
919,SUCCESS,UNSUCCESS
920,SUCCESS,UNSUCCESS
921,SUCCESS,UNSUCCESS
922,SUCCESS,UNSUCCESS
923,SUCCESS,UNSUCCESS
924,SUCCESS,UNSUCCESS
925,SUCCESS,UNSUCCESS
926,SUCCESS,UNSUCCESS
927,SUCCESS,UNSUCCESS
928,SUCCESS,UNSUCCESS
929,SUCCESS,UNSUCCESS
930,SUCCESS,UNSUCCESS
931,SUCCESS,UNSUCCESS
932,SUCCESS,UNSUCCESS
933,SUCCESS,UNSUCCESS
934,SUCCESS,UNSUCCESS
935,SUCCESS,UNSUCCESS
936,SUCCESS,UNSUCCESS
937,SUCCESS,UNSUCCESS
938,SUCCESS,UNSUCCESS
939,SUCCESS,UNSUCCESS
940,SUCCESS,UNSUCCESS
941,SUCCESS,UNSUCCESS
942,SUCCESS,UNSUCCESS
943,SUCCESS,UNSUCCESS
944,SUCCESS,UNSUCCESS
945,SUCCESS,UNSUCCESS
946,SUCCESS,UNSUCCESS
947,SUCCESS,UNSUCCESS
948,SUCCESS,UNSUCCESS
949,SUCCESS,UNSUCCESS
950,SUCCESS,UNSUCCESS
951,SUCCESS,UNSUCCESS
952,SUCCESS,UNSUCCESS
953,SUCCESS,UNSUCCESS
954,SUCCESS,UNSUCCESS
955,SUCCESS,UNSUCCESS
956,SUCCESS,UNSUCCESS
957,SUCCESS,UNSUCCESS
958,SUCCESS,UNSUCCESS
959,SUCCESS,UNSUCCESS
960,SUCCESS,UNSUCCESS
961,SUCCESS,UNSUCCESS
962,SUCCESS,UNSUCCESS
963,SUCCESS,UNSUCCESS
964,SUCCESS,UNSUCCESS
965,SUCCESS,UNSUCCESS
966,SUCCESS,UNSUCCESS
967,SUCCESS,UNSUCCESS
968,SUCCESS,UNSUCCESS
969,SUCCESS,UNSUCCESS
970,SUCCESS,UNSUCCESS
971,SUCCESS,UNSUCCESS
972,SUCCESS,UNSUCCESS
973,SUCCESS,UNSUCCESS
974,SUCCESS,UNSUCCESS
975,SUCCESS,UNSUCCESS
976,SUCCESS,UNSUCCESS
977,SUCCESS,UNSUCCESS
978,SUCCESS,UNSUCCESS
979,SUCCESS,UNSUCCESS
980,SUCCESS,UNSUCCESS
981,SUCCESS,UNSUCCESS
982,SUCCESS,UNSUCCESS
983,SUCCESS,UNSUCCESS
984,SUCCESS,UNSUCCESS
985,SUCCESS,UNSUCCESS
986,SUCCESS,UNSUCCESS
987,SUCCESS,UNSUCCESS
988,SUCCESS,UNSUCCESS
989,SUCCESS,UNSUCCESS
990,SUCCESS,UNSUCCESS
991,SUCCESS,UNSUCCESS
992,SUCCESS,UNSUCCESS
993,SUCCESS,UNSUCCESS
994,SUCCESS,UNSUCCESS
995,SUCCESS,UNSUCCESS
996,SUCCESS,UNSUCCESS
997,SUCCESS,UNSUCCESS
998,SUCCESS,UNSUCCESS
999,SUCCESS,UNSUCCESS
1000,SUCCESS,UNSUCCESS
1001,SUCCESS,UNSUCCESS
1002,SUCCESS,UNSUCCESS
1003,SUCCESS,UNSUCCESS
1004,SUCCESS,UNSUCCESS
1005,SUCCESS,UNSUCCESS
1006,SUCCESS,UNSUCCESS
1007,SUCCESS,UNSUCCESS
1008,SUCCESS,UNSUCCESS
1009,SUCCESS,UNSUCCESS
1010,SUCCESS,UNSUCCESS
1011,SUCCESS,UNSUCCESS
1012,SUCCESS,UNSUCCESS
1013,SUCCESS,UNSUCCESS
1014,SUCCESS,UNSUCCESS
1015,SUCCESS,UNSUCCESS
1016,SUCCESS,UNSUCCESS
1017,SUCCESS,UNSUCCESS
1018,SUCCESS,UNSUCCESS
1019,SUCCESS,UNSUCCESS
1020,SUCCESS,UNSUCCESS
1021,SUCCESS,UNSUCCESS
1022,SUCCESS,UNSUCCESS
1023,SUCCESS,UNSUCCESS
1024,SUCCESS,UNSUCCESS
1025,SUCCESS,UNSUCCESS
1026,SUCCESS,UNSUCCESS
1027,SUCCESS,UNSUCCESS
1028,SUCCESS,UNSUCCESS
1029,SUCCESS,UNSUCCESS
1030,SUCCESS,UNSUCCESS
1031,SUCCESS,UNSUCCESS
1032,SUCCESS,UNSUCCESS
1033,SUCCESS,UNSUCCESS
1034,SUCCESS,UNSUCCESS
1035,SUCCESS,UNSUCCESS
1036,SUCCESS,UNSUCCESS
1037,SUCCESS,UNSUCCESS
1038,SUCCESS,UNSUCCESS
1039,SUCCESS,UNSUCCESS
1040,SUCCESS,UNSUCCESS
1041,SUCCESS,UNSUCCESS
1042,SUCCESS,UNSUCCESS
1043,SUCCESS,UNSUCCESS
1044,SUCCESS,UNSUCCESS
1045,SUCCESS,UNSUCCESS
1046,SUCCESS,UNSUCCESS
1047,SUCCESS,UNSUCCESS
1048,SUCCESS,UNSUCCESS
1049,SUCCESS,UNSUCCESS
1050,SUCCESS,UNSUCCESS
1051,SUCCESS,UNSUCCESS
1052,SUCCESS,UNSUCCESS
1053,SUCCESS,UNSUCCESS
1054,SUCCESS,UNSUCCESS
1055,SUCCESS,UNSUCCESS
1056,SUCCESS,UNSUCCESS
1057,SUCCESS,UNSUCCESS
1058,SUCCESS,UNSUCCESS
1059,SUCCESS,UNSUCCESS
1060,SUCCESS,UNSUCCESS
1061,SUCCESS,UNSUCCESS
1062,SUCCESS,UNSUCCESS
1063,SUCCESS,UNSUCCESS
1064,SUCCESS,UNSUCCESS
1065,SUCCESS,UNSUCCESS
1066,SUCCESS,UNSUCCESS
1067,SUCCESS,UNSUCCESS
1068,SUCCESS,UNSUCCESS
1069,SUCCESS,UNSUCCESS
1070,SUCCESS,UNSUCCESS
1071,SUCCESS,UNSUCCESS
1072,SUCCESS,UNSUCCESS
1073,SUCCESS,UNSUCCESS
1074,SUCCESS,UNSUCCESS
1075,SUCCESS,UNSUCCESS
1076,SUCCESS,UNSUCCESS
1077,SUCCESS,UNSUCCESS
1078,SUCCESS,UNSUCCESS
1079,SUCCESS,UNSUCCESS
1080,SUCCESS,UNSUCCESS
1081,SUCCESS,UNSUCCESS
1082,SUCCESS,UNSUCCESS
1083,SUCCESS,UNSUCCESS
1084,SUCCESS,UNSUCCESS
1085,SUCCESS,UNSUCCESS
1086,SUCCESS,UNSUCCESS
1087,SUCCESS,UNSUCCESS
1088,SUCCESS,SUCCESS
1089,SUCCESS,SUCCESS
1090,SUCCESS,SUCCESS
1091,SUCCESS,SUCCESS
1092,SUCCESS,SUCCESS
1093,SUCCESS,SUCCESS
1094,SUCCESS,SUCCESS
1095,SUCCESS,SUCCESS
1096,SUCCESS,SUCCESS
1097,SUCCESS,SUCCESS
1098,SUCCESS,SUCCESS
1099,SUCCESS,SUCCESS
1100,SUCCESS,SUCCESS
1101,SUCCESS,SUCCESS
1102,SUCCESS,SUCCESS
1103,SUCCESS,SUCCESS
1104,SUCCESS,UNSUCCESS
1105,SUCCESS,UNSUCCESS
1106,SUCCESS,SUCCESS
1107,SUCCESS,SUCCESS
1108,SUCCESS,SUCCESS
1109,SUCCESS,SUCCESS
1110,SUCCESS,SUCCESS
1111,SUCCESS,SUCCESS
1112,SUCCESS,SUCCESS
1113,SUCCESS,SUCCESS
1114,SUCCESS,SUCCESS
1115,SUCCESS,SUCCESS
1116,SUCCESS,SUCCESS
1117,SUCCESS,SUCCESS
1118,SUCCESS,UNSUCCESS
1119,SUCCESS,UNSUCCESS
1120,SUCCESS,UNSUCCESS
1121,SUCCESS,UNSUCCESS
1122,SUCCESS,UNSUCCESS
1123,SUCCESS,UNSUCCESS
1124,SUCCESS,UNSUCCESS
1125,SUCCESS,UNSUCCESS
1126,SUCCESS,UNSUCCESS
1127,SUCCESS,UNSUCCESS
1128,SUCCESS,UNSUCCESS
1129,SUCCESS,UNSUCCESS
1130,SUCCESS,UNSUCCESS
1131,SUCCESS,UNSUCCESS
1132,SUCCESS,UNSUCCESS
1133,SUCCESS,UNSUCCESS
1134,SUCCESS,UNSUCCESS
1135,SUCCESS,UNSUCCESS
1136,SUCCESS,UNSUCCESS
1137,SUCCESS,UNSUCCESS
1138,SUCCESS,UNSUCCESS
1139,SUCCESS,UNSUCCESS
1140,SUCCESS,UNSUCCESS
1141,SUCCESS,UNSUCCESS
1142,SUCCESS,UNSUCCESS
1143,SUCCESS,UNSUCCESS
1144,SUCCESS,UNSUCCESS
1145,SUCCESS,UNSUCCESS
1146,SUCCESS,UNSUCCESS
1147,SUCCESS,UNSUCCESS
1148,SUCCESS,UNSUCCESS
1149,SUCCESS,UNSUCCESS
1150,SUCCESS,UNSUCCESS
1151,SUCCESS,UNSUCCESS
1152,SUCCESS,UNSUCCESS
1153,SUCCESS,UNSUCCESS
1154,SUCCESS,UNSUCCESS
1155,SUCCESS,UNSUCCESS
1156,SUCCESS,UNSUCCESS
1157,SUCCESS,UNSUCCESS
1158,SUCCESS,UNSUCCESS
1159,SUCCESS,UNSUCCESS
1160,SUCCESS,UNSUCCESS
1161,SUCCESS,UNSUCCESS
1162,SUCCESS,UNSUCCESS
1163,SUCCESS,UNSUCCESS
1164,SUCCESS,UNSUCCESS
1165,SUCCESS,UNSUCCESS
1166,SUCCESS,UNSUCCESS
1167,SUCCESS,UNSUCCESS
1168,SUCCESS,UNSUCCESS
1169,SUCCESS,UNSUCCESS
1170,SUCCESS,UNSUCCESS
1171,SUCCESS,UNSUCCESS
1172,SUCCESS,UNSUCCESS
1173,SUCCESS,UNSUCCESS
1174,SUCCESS,UNSUCCESS
1175,SUCCESS,UNSUCCESS
1176,SUCCESS,UNSUCCESS
1177,SUCCESS,UNSUCCESS
1178,SUCCESS,UNSUCCESS
1179,SUCCESS,UNSUCCESS
1180,SUCCESS,UNSUCCESS
1181,SUCCESS,UNSUCCESS
1182,SUCCESS,UNSUCCESS
1183,SUCCESS,UNSUCCESS
1184,SUCCESS,UNSUCCESS
1185,SUCCESS,UNSUCCESS
1186,SUCCESS,UNSUCCESS
1187,SUCCESS,UNSUCCESS
1188,SUCCESS,UNSUCCESS
1189,SUCCESS,UNSUCCESS
1190,SUCCESS,UNSUCCESS
1191,SUCCESS,UNSUCCESS
1192,SUCCESS,UNSUCCESS
1193,SUCCESS,UNSUCCESS
1194,SUCCESS,UNSUCCESS
1195,SUCCESS,UNSUCCESS
1196,SUCCESS,UNSUCCESS
1197,SUCCESS,UNSUCCESS
1198,SUCCESS,UNSUCCESS
1199,SUCCESS,UNSUCCESS
1200,SUCCESS,UNSUCCESS
1201,SUCCESS,UNSUCCESS
1202,SUCCESS,UNSUCCESS
1203,SUCCESS,UNSUCCESS
1204,SUCCESS,UNSUCCESS
1205,SUCCESS,UNSUCCESS
1206,SUCCESS,UNSUCCESS
1207,SUCCESS,UNSUCCESS
1208,SUCCESS,UNSUCCESS
1209,SUCCESS,UNSUCCESS
1210,SUCCESS,UNSUCCESS
1211,SUCCESS,UNSUCCESS
1212,SUCCESS,UNSUCCESS
1213,SUCCESS,UNSUCCESS
1214,SUCCESS,UNSUCCESS
1215,SUCCESS,UNSUCCESS
1216,SUCCESS,UNSUCCESS
1217,SUCCESS,UNSUCCESS
1218,SUCCESS,UNSUCCESS
1219,SUCCESS,UNSUCCESS
1220,SUCCESS,UNSUCCESS
1221,SUCCESS,UNSUCCESS
1222,SUCCESS,UNSUCCESS
1223,SUCCESS,UNSUCCESS
1224,SUCCESS,UNSUCCESS
1225,SUCCESS,UNSUCCESS
1226,SUCCESS,UNSUCCESS
1227,SUCCESS,UNSUCCESS
1228,SUCCESS,UNSUCCESS
1229,SUCCESS,UNSUCCESS
1230,SUCCESS,UNSUCCESS
1231,SUCCESS,UNSUCCESS
1232,SUCCESS,UNSUCCESS
1233,SUCCESS,UNSUCCESS
1234,SUCCESS,UNSUCCESS
1235,SUCCESS,UNSUCCESS
1236,SUCCESS,UNSUCCESS
1237,SUCCESS,UNSUCCESS
1238,SUCCESS,UNSUCCESS
1239,SUCCESS,UNSUCCESS
1240,SUCCESS,UNSUCCESS
1241,SUCCESS,UNSUCCESS
1242,SUCCESS,UNSUCCESS
1243,SUCCESS,UNSUCCESS
1244,SUCCESS,UNSUCCESS
1245,SUCCESS,UNSUCCESS
1246,SUCCESS,UNSUCCESS
1247,SUCCESS,UNSUCCESS
1248,SUCCESS,UNSUCCESS
1249,SUCCESS,UNSUCCESS
1250,SUCCESS,UNSUCCESS
1251,SUCCESS,UNSUCCESS
1252,SUCCESS,UNSUCCESS
1253,SUCCESS,UNSUCCESS
1254,SUCCESS,UNSUCCESS
1255,SUCCESS,UNSUCCESS
1256,SUCCESS,UNSUCCESS
1257,SUCCESS,UNSUCCESS
1258,SUCCESS,UNSUCCESS
1259,SUCCESS,UNSUCCESS
1260,SUCCESS,UNSUCCESS
1261,SUCCESS,UNSUCCESS
1262,SUCCESS,UNSUCCESS
1263,SUCCESS,UNSUCCESS
1264,SUCCESS,UNSUCCESS
1265,SUCCESS,UNSUCCESS
1266,SUCCESS,UNSUCCESS
1267,SUCCESS,UNSUCCESS
1268,SUCCESS,UNSUCCESS
1269,SUCCESS,UNSUCCESS
1270,SUCCESS,UNSUCCESS
1271,SUCCESS,UNSUCCESS
1272,SUCCESS,UNSUCCESS
1273,SUCCESS,UNSUCCESS
1274,SUCCESS,UNSUCCESS
1275,SUCCESS,UNSUCCESS
1276,SUCCESS,UNSUCCESS
1277,SUCCESS,UNSUCCESS
1278,SUCCESS,UNSUCCESS
1279,SUCCESS,UNSUCCESS
1280,SUCCESS,UNSUCCESS
1281,SUCCESS,UNSUCCESS
1282,SUCCESS,UNSUCCESS
1283,SUCCESS,UNSUCCESS
1284,SUCCESS,UNSUCCESS
1285,SUCCESS,UNSUCCESS
1286,SUCCESS,UNSUCCESS
1287,SUCCESS,UNSUCCESS
1288,SUCCESS,UNSUCCESS
1289,SUCCESS,UNSUCCESS
1290,SUCCESS,UNSUCCESS
1291,SUCCESS,UNSUCCESS
1292,SUCCESS,UNSUCCESS
1293,SUCCESS,UNSUCCESS
1294,SUCCESS,UNSUCCESS
1295,SUCCESS,UNSUCCESS
1296,SUCCESS,UNSUCCESS
1297,SUCCESS,UNSUCCESS
1298,SUCCESS,UNSUCCESS
1299,SUCCESS,UNSUCCESS
1300,SUCCESS,UNSUCCESS
1301,SUCCESS,UNSUCCESS
1302,SUCCESS,UNSUCCESS
1303,SUCCESS,UNSUCCESS
1304,SUCCESS,UNSUCCESS
1305,SUCCESS,UNSUCCESS
1306,SUCCESS,UNSUCCESS
1307,SUCCESS,UNSUCCESS
1308,SUCCESS,UNSUCCESS
1309,SUCCESS,UNSUCCESS
1310,SUCCESS,UNSUCCESS
1311,SUCCESS,UNSUCCESS
1312,SUCCESS,UNSUCCESS
1313,SUCCESS,UNSUCCESS
1314,SUCCESS,UNSUCCESS
1315,SUCCESS,UNSUCCESS
1316,SUCCESS,UNSUCCESS
1317,SUCCESS,UNSUCCESS
1318,SUCCESS,UNSUCCESS
1319,SUCCESS,UNSUCCESS
1320,SUCCESS,UNSUCCESS
1321,SUCCESS,UNSUCCESS
1322,SUCCESS,UNSUCCESS
1323,SUCCESS,UNSUCCESS
1324,SUCCESS,UNSUCCESS
1325,SUCCESS,UNSUCCESS
1326,SUCCESS,UNSUCCESS
1327,SUCCESS,UNSUCCESS
1328,SUCCESS,UNSUCCESS
1329,SUCCESS,UNSUCCESS
1330,SUCCESS,UNSUCCESS
1331,SUCCESS,UNSUCCESS
1332,SUCCESS,UNSUCCESS
1333,SUCCESS,UNSUCCESS
1334,SUCCESS,UNSUCCESS
1335,SUCCESS,UNSUCCESS
1336,SUCCESS,UNSUCCESS
1337,SUCCESS,UNSUCCESS
1338,SUCCESS,UNSUCCESS
1339,SUCCESS,UNSUCCESS
1340,SUCCESS,UNSUCCESS
1341,SUCCESS,UNSUCCESS
1342,SUCCESS,UNSUCCESS
1343,SUCCESS,UNSUCCESS
1344,SUCCESS,UNSUCCESS
1345,SUCCESS,UNSUCCESS
1346,SUCCESS,UNSUCCESS
1347,SUCCESS,UNSUCCESS
1348,SUCCESS,UNSUCCESS
1349,SUCCESS,UNSUCCESS
1350,SUCCESS,UNSUCCESS
1351,SUCCESS,UNSUCCESS
1352,SUCCESS,UNSUCCESS
1353,SUCCESS,UNSUCCESS
1354,SUCCESS,UNSUCCESS
1355,SUCCESS,UNSUCCESS
1356,SUCCESS,UNSUCCESS
1357,SUCCESS,UNSUCCESS
1358,SUCCESS,UNSUCCESS
1359,SUCCESS,UNSUCCESS
1360,SUCCESS,UNSUCCESS
1361,SUCCESS,UNSUCCESS
1362,SUCCESS,UNSUCCESS
1363,SUCCESS,UNSUCCESS
1364,SUCCESS,UNSUCCESS
1365,SUCCESS,UNSUCCESS
1366,SUCCESS,UNSUCCESS
1367,SUCCESS,UNSUCCESS
1368,SUCCESS,UNSUCCESS
1369,SUCCESS,UNSUCCESS
1370,SUCCESS,UNSUCCESS
1371,SUCCESS,UNSUCCESS
1372,SUCCESS,UNSUCCESS
1373,SUCCESS,UNSUCCESS
1374,SUCCESS,UNSUCCESS
1375,SUCCESS,UNSUCCESS
1376,SUCCESS,UNSUCCESS
1377,SUCCESS,UNSUCCESS
1378,SUCCESS,UNSUCCESS
1379,SUCCESS,UNSUCCESS
1380,SUCCESS,UNSUCCESS
1381,SUCCESS,UNSUCCESS
1382,SUCCESS,UNSUCCESS
1383,SUCCESS,UNSUCCESS
1384,SUCCESS,UNSUCCESS
1385,SUCCESS,UNSUCCESS
1386,SUCCESS,UNSUCCESS
1387,SUCCESS,UNSUCCESS
1388,SUCCESS,UNSUCCESS
1389,SUCCESS,UNSUCCESS
1390,SUCCESS,UNSUCCESS
1391,SUCCESS,UNSUCCESS
1392,SUCCESS,UNSUCCESS
1393,SUCCESS,UNSUCCESS
1394,SUCCESS,UNSUCCESS
1395,SUCCESS,UNSUCCESS
1396,SUCCESS,UNSUCCESS
1397,SUCCESS,UNSUCCESS
1398,SUCCESS,UNSUCCESS
1399,SUCCESS,UNSUCCESS
1400,SUCCESS,UNSUCCESS
1401,SUCCESS,UNSUCCESS
1402,SUCCESS,UNSUCCESS
1403,SUCCESS,UNSUCCESS
1404,SUCCESS,UNSUCCESS
1405,SUCCESS,UNSUCCESS
1406,SUCCESS,UNSUCCESS
1407,SUCCESS,UNSUCCESS
1408,SUCCESS,UNSUCCESS
1409,SUCCESS,UNSUCCESS
1410,SUCCESS,UNSUCCESS
1411,SUCCESS,UNSUCCESS
1412,SUCCESS,UNSUCCESS
1413,SUCCESS,UNSUCCESS
1414,SUCCESS,UNSUCCESS
1415,SUCCESS,UNSUCCESS
1416,SUCCESS,UNSUCCESS
1417,SUCCESS,UNSUCCESS
1418,SUCCESS,UNSUCCESS
1419,SUCCESS,UNSUCCESS
1420,SUCCESS,UNSUCCESS
1421,SUCCESS,UNSUCCESS
1422,SUCCESS,SUCCESS
1423,SUCCESS,SUCCESS
1424,SUCCESS,SUCCESS
1425,SUCCESS,SUCCESS
1426,SUCCESS,SUCCESS
1427,SUCCESS,SUCCESS
1428,SUCCESS,SUCCESS
1429,SUCCESS,SUCCESS
1430,SUCCESS,SUCCESS
1431,SUCCESS,SUCCESS
1432,SUCCESS,SUCCESS
1433,SUCCESS,SUCCESS
1434,SUCCESS,SUCCESS
1435,SUCCESS,SUCCESS
1436,SUCCESS,SUCCESS
1437,SUCCESS,SUCCESS
1438,SUCCESS,SUCCESS
1439,SUCCESS,SUCCESS
1440,SUCCESS,SUCCESS
1441,SUCCESS,SUCCESS
1442,SUCCESS,SUCCESS
1443,SUCCESS,SUCCESS
1444,SUCCESS,SUCCESS
1445,SUCCESS,SUCCESS
1446,SUCCESS,SUCCESS
1447,SUCCESS,SUCCESS
1448,SUCCESS,SUCCESS
1449,SUCCESS,SUCCESS
1450,SUCCESS,SUCCESS
1451,SUCCESS,SUCCESS
1452,SUCCESS,SUCCESS
1453,SUCCESS,SUCCESS
1454,SUCCESS,SUCCESS
1455,SUCCESS,SUCCESS
1456,SUCCESS,SUCCESS
1457,SUCCESS,SUCCESS
1458,SUCCESS,SUCCESS
1459,SUCCESS,SUCCESS
1460,SUCCESS,SUCCESS
1461,SUCCESS,SUCCESS
1462,SUCCESS,SUCCESS
1463,SUCCESS,SUCCESS
1464,SUCCESS,SUCCESS
1465,SUCCESS,SUCCESS
1466,SUCCESS,SUCCESS
1467,SUCCESS,SUCCESS
1468,SUCCESS,SUCCESS
1469,SUCCESS,SUCCESS
1470,SUCCESS,SUCCESS
1471,SUCCESS,SUCCESS
1472,SUCCESS,SUCCESS
1473,SUCCESS,SUCCESS
1474,SUCCESS,SUCCESS
1475,SUCCESS,SUCCESS
1476,SUCCESS,SUCCESS
1477,SUCCESS,SUCCESS
1478,SUCCESS,SUCCESS
1479,SUCCESS,SUCCESS
1480,SUCCESS,SUCCESS
1481,SUCCESS,SUCCESS
1482,SUCCESS,SUCCESS
1483,SUCCESS,SUCCESS
1484,SUCCESS,SUCCESS
1485,SUCCESS,SUCCESS
1486,SUCCESS,SUCCESS
1487,SUCCESS,SUCCESS
1488,SUCCESS,SUCCESS
1489,SUCCESS,SUCCESS
1490,SUCCESS,SUCCESS
1491,SUCCESS,SUCCESS
1492,SUCCESS,SUCCESS
1493,SUCCESS,SUCCESS
